{
  "说明":{"":"只用foodweb数据集所生成的训练数据进行微调得到的模型COT-foodweb的测试结果"},
  "summary": {
    "jaccard": 0.3788728632478633,
    "f1": 0.4989440440207703,
    "precision": 0.5522058823529412,
    "recall": 0.45917366946778704
  },
  "details": [
    {
      "seed": 123,
      "pred_community": [
        9,
        80,
        122,
        123,
        126
      ],
      "gt_community": [
        128,
        123,
        124,
        125,
        126,
        127
      ],
      "metrics": {
        "jaccard": 0.2222222222222222,
        "f1": 0.3636363636363636,
        "precision": 0.4,
        "recall": 0.3333333333333333
      },
      "steps": 6
    },
    {
      "seed": 1,
      "pred_community": [
        1,
        2,
        34,
        35,
        36,
        37,
        38,
        39,
        40,
        42,
        43,
        44,
        41,
        48,
        29,
        30,
        31
      ],
      "gt_community": [
        1,
        2,
        3,
        4,
        5,
        6,
        7,
        8,
        9,
        10,
        11,
        12,
        13,
        14,
        15,
        16,
        17
      ],
      "metrics": {
        "jaccard": 0.0625,
        "f1": 0.11764705882352941,
        "precision": 0.11764705882352941,
        "recall": 0.11764705882352941
      },
      "steps": 17
    },
    {
      "seed": 18,
      "pred_community": [
        18,
        19,
        20,
        21,
        22,
        23,
        24,
        25,
        26,
        27,
        28,
        29,
        30,
        31,
        32,
        33,
        34,
        35,
        36,
        37,
        38,
        39,
        40,
        41,
        44
      ],
      "gt_community": [
        18,
        19,
        20,
        21,
        22,
        23,
        24,
        25,
        26,
        27,
        28,
        29,
        30,
        31,
        32,
        33,
        34,
        35,
        36,
        37,
        38,
        39,
        40,
        41,
        42,
        43,
        44,
        45,
        46,
        47,
        48,
        49,
        50,
        51,
        52
      ],
      "metrics": {
        "jaccard": 0.7142857142857143,
        "f1": 0.8333333333333333,
        "precision": 1.0,
        "recall": 0.7142857142857143
      },
      "steps": 35
    },
    {
      "seed": 53,
      "pred_community": [
        33,
        34,
        35,
        36,
        37,
        38,
        39,
        40,
        41,
        42,
        43,
        44,
        45,
        46,
        47,
        48,
        49,
        50,
        51,
        52,
        53,
        54,
        55,
        56,
        57,
        58,
        59,
        60,
        61,
        62,
        63,
        64,
        65,
        66,
        67,
        68,
        69,
        70,
        71,
        72,
        73,
        74,
        75,
        76,
        77,
        78,
        79,
        80,
        81,
        82,
        83,
        84,
        85,
        86,
        87,
        93,
        94,
        95,
        97,
        98,
        99,
        100,
        101,
        102,
        120,
        121,
        122,
        126
      ],
      "gt_community": [
        53,
        54,
        55,
        56,
        57,
        58,
        59,
        60,
        61,
        62,
        63,
        64,
        65,
        66,
        67,
        68,
        69,
        70,
        71,
        72,
        73,
        74,
        75,
        76,
        77,
        78,
        79,
        80,
        81,
        82,
        83,
        84,
        85,
        86,
        87,
        88,
        89,
        90,
        91,
        92,
        93,
        94,
        95,
        96,
        97,
        98,
        99,
        100,
        101,
        102,
        103,
        104,
        105,
        106,
        107,
        108,
        109,
        110,
        111,
        112,
        113,
        114,
        115,
        116,
        117,
        118,
        119,
        120,
        121,
        122
      ],
      "metrics": {
        "jaccard": 0.5164835164835165,
        "f1": 0.681159420289855,
        "precision": 0.6911764705882353,
        "recall": 0.6714285714285714
      },
      "steps": 70
    }
  ]
}