{
  "summary": {
    "jaccard": 0.1573276918107746,
    "f1": 0.23261251676827843,
    "precision": 0.36840233469436595,
    "recall": 0.20184873949579832
  },
  "details": [
    {
      "community_label": "1",
      "seed": 4,
      "pred_community": [
        1,
        2,
        3,
        4,
        5,
        6,
        7,
        8,
        9,
        10,
        11,
        12,
        13,
        14,
        15,
        16,
        22,
        23,
        24,
        25,
        26,
        29,
        124
      ],
      "gt_community": [
        1,
        2,
        3,
        4,
        5,
        6,
        7,
        8,
        9,
        10,
        11,
        12,
        13,
        14,
        15,
        16,
        17
      ],
      "metrics": {
        "jaccard": 0.6666666666666666,
        "f1": 0.7999999999999999,
        "precision": 0.6956521739130435,
        "recall": 0.9411764705882353
      },
      "steps": 7
    },
    {
      "community_label": "1",
      "seed": 1,
      "pred_community": [
        1,
        3,
        4,
        58,
        67,
        68,
        42,
        43,
        44,
        45,
        48,
        52,
        55,
        56,
        122,
        30,
        31
      ],
      "gt_community": [
        1,
        2,
        3,
        4,
        5,
        6,
        7,
        8,
        9,
        10,
        11,
        12,
        13,
        14,
        15,
        16,
        17
      ],
      "metrics": {
        "jaccard": 0.0967741935483871,
        "f1": 0.17647058823529413,
        "precision": 0.17647058823529413,
        "recall": 0.17647058823529413
      },
      "steps": 6
    },
    {
      "community_label": "1",
      "seed": 12,
      "pred_community": [
        34,
        99,
        36,
        35,
        12,
        83,
        122,
        30
      ],
      "gt_community": [
        1,
        2,
        3,
        4,
        5,
        6,
        7,
        8,
        9,
        10,
        11,
        12,
        13,
        14,
        15,
        16,
        17
      ],
      "metrics": {
        "jaccard": 0.041666666666666664,
        "f1": 0.07999999999999999,
        "precision": 0.125,
        "recall": 0.058823529411764705
      },
      "steps": 3
    },
    {
      "community_label": "1",
      "seed": 5,
      "pred_community": [
        1,
        2,
        4,
        5,
        7,
        16
      ],
      "gt_community": [
        1,
        2,
        3,
        4,
        5,
        6,
        7,
        8,
        9,
        10,
        11,
        12,
        13,
        14,
        15,
        16,
        17
      ],
      "metrics": {
        "jaccard": 0.35294117647058826,
        "f1": 0.5217391304347826,
        "precision": 1.0,
        "recall": 0.35294117647058826
      },
      "steps": 1
    },
    {
      "community_label": "1",
      "seed": 17,
      "pred_community": [
        14,
        17,
        18,
        19,
        20,
        21
      ],
      "gt_community": [
        1,
        2,
        3,
        4,
        5,
        6,
        7,
        8,
        9,
        10,
        11,
        12,
        13,
        14,
        15,
        16,
        17
      ],
      "metrics": {
        "jaccard": 0.09523809523809523,
        "f1": 0.1739130434782609,
        "precision": 0.3333333333333333,
        "recall": 0.11764705882352941
      },
      "steps": 2
    },
    {
      "community_label": "3",
      "seed": 67,
      "pred_community": [
        30,
        31,
        34,
        35,
        36,
        37,
        42,
        43,
        44,
        47,
        48,
        50,
        52,
        60,
        61,
        62,
        67,
        68,
        80
      ],
      "gt_community": [
        53,
        54,
        55,
        56,
        57,
        58,
        59,
        60,
        61,
        62,
        63,
        64,
        65,
        66,
        67,
        68,
        69,
        70,
        71,
        72,
        73,
        74,
        75,
        76,
        77,
        78,
        79,
        80,
        81,
        82,
        83,
        84,
        85,
        86,
        87,
        88,
        89,
        90,
        91,
        92,
        93,
        94,
        95,
        96,
        97,
        98,
        99,
        100,
        101,
        102,
        103,
        104,
        105,
        106,
        107,
        108,
        109,
        110,
        111,
        112,
        113,
        114,
        115,
        116,
        117,
        118,
        119,
        120,
        121,
        122
      ],
      "metrics": {
        "jaccard": 0.07228915662650602,
        "f1": 0.1348314606741573,
        "precision": 0.3157894736842105,
        "recall": 0.08571428571428572
      },
      "steps": 10
    },
    {
      "community_label": "3",
      "seed": 56,
      "pred_community": [
        34,
        35,
        36,
        37,
        42,
        43,
        44,
        47,
        48,
        55,
        56,
        60,
        61,
        30,
        31
      ],
      "gt_community": [
        53,
        54,
        55,
        56,
        57,
        58,
        59,
        60,
        61,
        62,
        63,
        64,
        65,
        66,
        67,
        68,
        69,
        70,
        71,
        72,
        73,
        74,
        75,
        76,
        77,
        78,
        79,
        80,
        81,
        82,
        83,
        84,
        85,
        86,
        87,
        88,
        89,
        90,
        91,
        92,
        93,
        94,
        95,
        96,
        97,
        98,
        99,
        100,
        101,
        102,
        103,
        104,
        105,
        106,
        107,
        108,
        109,
        110,
        111,
        112,
        113,
        114,
        115,
        116,
        117,
        118,
        119,
        120,
        121,
        122
      ],
      "metrics": {
        "jaccard": 0.04938271604938271,
        "f1": 0.09411764705882353,
        "precision": 0.26666666666666666,
        "recall": 0.05714285714285714
      },
      "steps": 7
    },
    {
      "community_label": "3",
      "seed": 88,
      "pred_community": [
        30,
        31,
        34,
        35,
        36,
        42,
        43,
        44,
        48,
        50,
        52,
        56,
        58,
        62,
        67,
        68,
        77,
        78,
        80,
        84,
        88,
        99,
        100,
        101,
        102
      ],
      "gt_community": [
        53,
        54,
        55,
        56,
        57,
        58,
        59,
        60,
        61,
        62,
        63,
        64,
        65,
        66,
        67,
        68,
        69,
        70,
        71,
        72,
        73,
        74,
        75,
        76,
        77,
        78,
        79,
        80,
        81,
        82,
        83,
        84,
        85,
        86,
        87,
        88,
        89,
        90,
        91,
        92,
        93,
        94,
        95,
        96,
        97,
        98,
        99,
        100,
        101,
        102,
        103,
        104,
        105,
        106,
        107,
        108,
        109,
        110,
        111,
        112,
        113,
        114,
        115,
        116,
        117,
        118,
        119,
        120,
        121,
        122
      ],
      "metrics": {
        "jaccard": 0.1728395061728395,
        "f1": 0.2947368421052632,
        "precision": 0.56,
        "recall": 0.2
      },
      "steps": 10
    },
    {
      "community_label": "3",
      "seed": 84,
      "pred_community": [
        34,
        35,
        36,
        37,
        42,
        43,
        44,
        48,
        84,
        30
      ],